Rank,Team,Player,Fantasy Position,ADP,Bye,Age,1yr. Proj,3yr. Proj,5yr. Proj,10yr. Proj,DS Analysis,3D Value +
1,CLE,Carson Schwesinger,LB,N/A,9,23.1,160,462,764,"1,431",,44
2,TEN,Cedric Gray,LB,N/A,10,23.4,158,454,751,"1,408",,43
3,RK,Sonny Styles,LB,N/A,18,21.3,119,369,637,"1,284",,35
4,GB,Edgerrin Cooper,LB,N/A,5,24.4,132,346,560,"1,015",,30
5,DET,Jack Campbell,LB,N/A,8,25.7,144,347,549,935,,29
6,PHI,Jihaad Campbell,LB,N/A,9,22.1,107,324,547,"1,057",,28
7,NYJ,Jamien Sherwood,LB,N/A,9,26.3,134,322,510,869,,26
8,LVR,Nakobe Dean,LB,N/A,8,25.3,130,302,486,852,,24
9,KC,Nick Bolton,LB,N/A,10,26.1,123,307,486,828,,23
10,SEA,Nick Emmanwori,DB,N/A,8,22.2,113,315,516,984,,23
11,MIA,Jordyn Brooks,LB,N/A,12,28.5,142,306,473,755,,23
12,RK,CJ Allen,LB,N/A,18,21.1,87,279,481,969,,22
13,SEA,Ernest Jones,LB,N/A,8,26.4,125,291,461,785,,21
14,TEN,Kevin Winston Jr.,DB,N/A,10,22.3,103,294,488,946,,21
15,LVR,Quay Walker,LB,N/A,8,25.9,128,288,457,778,,21
16,RK,Dillon Thieneman,DB,N/A,18,21.7,101,284,465,888,,19
17,RK,Caleb Downs,DB,N/A,18,21.3,96,280,459,895,,19
18,LAC,Daiyan Henley,LB,N/A,12,26.4,117,277,439,748,,19
19,CAR,Devin Lloyd,LB,N/A,14,27.5,127,260,408,672,,16
20,PHI,Zack Baun,LB,N/A,9,29.3,143,265,404,613,,16
21,PHI,Cooper DeJean,DB,N/A,9,23.2,109,262,428,769,,16
22,MIA,Tyrel Dodson,LB,N/A,12,27.8,123,254,393,627,,14
23,CHI,Devin Bush,LB,N/A,5,27.8,127,250,387,617,,14
24,CAR,Trevin Wallace,LB,N/A,14,23.2,91,242,400,749,,14
25,BUF,Cole Bishop,DB,N/A,7,23.4,89,242,399,746,,13
26,TB,Tykee Smith,DB,N/A,9,25.2,111,242,389,671,,13
27,DET,Brian Branch,DB,N/A,8,24.5,102,241,393,701,,13
28,BAL,Kyle Hamilton,DB,N/A,7,25.1,109,238,382,656,,13
29,KC,Chamarri Conner,DB,N/A,10,25.8,123,235,373,618,,12
30,RK,Anthony Hill Jr.,LB,N/A,18,21.2,94,216,372,750,,12
31,RK,Arvell Reese,LB,N/A,18,20.6,75,221,376,784,,12
32,LAR,Nathan Landman,LB,N/A,8,27.4,101,241,377,621,,12
33,HOU,Will Anderson Jr.,DL,N/A,6,24.6,89,229,385,631,,12
34,DAL,DeMarvion Overshown,LB,N/A,10,25.7,121,224,354,603,,11
35,BUF,Terrel Bernard,LB,N/A,7,26.9,116,228,356,587,,11
36,CIN,Barrett Carter,LB,N/A,10,23.5,104,214,355,664,,11
37,RK,David Bailey,LB,N/A,18,22.6,92,216,363,690,,11
38,DET,Aidan Hutchinson,DL,N/A,8,25.7,94,218,359,547,,11
39,BAL,Roquan Smith,LB,N/A,7,29,124,232,353,535,,10
40,MIN,Blake Cashman,LB,N/A,6,29.9,138,229,342,507,,10
41,NYG,Brian Burns,DL,N/A,14,28,94,234,335,469,,10
42,LAC,Tuli Tuipulotu,DL,N/A,12,23.6,84,200,335,599,,10
43,TB,Sirvocea Dennis,LB,N/A,9,26.1,101,222,351,599,,10
44,NYG,Abdul Carter,DL,N/A,14,22.5,67,191,327,647,,10
45,PIT,Patrick Queen,LB,N/A,5,26.7,94,224,352,579,,9
46,DEN,Nik Bonitto,DL,N/A,12,26.5,86,216,336,480,,9
47,NYG,Tremaine Edmunds,LB,N/A,14,27.9,117,218,337,538,,9
48,CLE,Myles Garrett,DL,N/A,9,30.3,111,214,278,402,,8
49,LVR,Maxx Crosby,DL,N/A,8,28.7,95,211,285,397,,8
50,IND,Laiatu Latu,DL,N/A,11,25.3,70,179,301,535,,8
51,CAR,Nic Scourton,DL,N/A,14,21.6,67,170,292,587,,7
52,HOU,Kamari Lassiter,DB,N/A,6,23.3,85,209,342,619,,7
53,SF,Fred Warner,LB,N/A,14,29.4,127,204,311,471,,7
54,LAR,Jared Verse,DL,N/A,8,25.4,70,179,301,492,,7
55,TB,Jacob Parrish,DB,N/A,9,22.1,72,205,341,643,,6
56,BAL,Nate Wiggins,DB,N/A,7,22.6,75,206,337,605,,6
57,TEN,Jeffery Simmons,DL,N/A,10,28.7,83,191,282,393,,6
58,BUF,Gregory Rousseau,DL,N/A,7,26,75,178,294,448,,6
59,ATL,Xavier Watts,DB,N/A,5,24.4,88,200,330,590,,6
60,CHI,T.J. Edwards,LB,N/A,5,29.7,127,201,300,445,,6
61,JAC,Foyesade Oluokun,LB,N/A,8,30.7,125,206,301,429,,6
62,PHI,Jalyx Hunt,DL,N/A,9,25.1,56,175,295,483,,6
63,SEA,Byron Murphy II,DL,N/A,8,23.6,60,169,280,495,,6
64,DAL,Shavon Revel Jr.,DB,N/A,10,25,98,205,318,548,,5
65,PHI,Jalen Carter,DL,N/A,9,25,67,172,276,462,,5
66,NE,Robert Spillane,LB,N/A,14,30.3,117,202,302,447,,5
67,UNS,Bobby Okereke,LB,N/A,18,29.7,114,199,298,441,,5
68,SEA,Devon Witherspoon,DB,N/A,8,25.3,103,198,314,541,,5
69,NO,Kool-Aid McKinstry,DB,N/A,11,23.5,85,203,323,571,,5
70,KC,George Karlaftis,DL,N/A,10,25,64,167,281,460,,5
71,NYJ,Malachi Moore,DB,N/A,9,24.6,93,198,319,550,,5
72,GB,Zaire Franklin,LB,N/A,5,29.8,103,203,304,450,,5
73,CAR,Trevon Moehrig,DB,N/A,14,26.8,101,203,317,507,,5
74,BAL,Malaki Starks,DB,N/A,7,22.4,70,197,322,615,,5
75,JAC,Travon Walker,DL,N/A,8,25.3,64,164,276,452,,5
76,LAR,Kamren Curl,DB,N/A,8,27,100,198,310,496,,4
77,TB,Antoine Winfield Jr.,DB,N/A,9,27.7,116,195,299,458,,4
78,GB,Evan Williams,DB,N/A,5,24.7,89,195,313,540,,4
79,NO,Kaden Elliss,LB,N/A,11,30.8,112,194,284,405,,4
80,ATL,Divine Deablo,LB,N/A,5,27.7,103,186,288,459,,4
81,DEN,Riley Moss,DB,N/A,12,26.1,100,188,299,500,,3
82,CLE,Ronnie Hickman,DB,N/A,9,24.5,88,185,305,546,,3
83,RK,Avieon Terrell,DB,N/A,18,21.3,62,186,312,607,,3
84,DEN,Talanoa Hufanga,DB,N/A,12,26.2,103,190,298,494,,3
85,NO,Chase Young,DL,N/A,11,27,74,158,246,352,,3
86,JAC,Josh Hines-Allen,DL,N/A,8,28.8,80,172,232,323,,3
87,NO,Jonas Sanker,DB,N/A,11,23.4,72,186,306,572,,3
88,LAR,Kobie Turner,DL,N/A,8,26.9,61,161,249,378,,3
89,GB,Micah Parsons,DL,N/A,5,26.8,60,164,255,364,,3
90,ARI,Cody Simon,LB,N/A,8,24,57,182,294,534,,3
91,MIN,Jonathan Greenard,DL,N/A,6,28.8,81,166,224,312,,2
92,PIT,Alex Highsmith,DL,N/A,5,28.7,80,168,227,316,,2
93,HOU,Azeez Al-Shaair,LB,N/A,6,28.7,96,182,278,421,,2
94,LAR,Byron Young,DL,N/A,8,28.1,77,161,231,323,,2
95,BAL,Mike Green,DL,N/A,7,22.7,56,138,234,446,,2
96,ATL,Jessie Bates,DB,N/A,5,29.1,105,180,283,480,,2
97,CLE,Quincy Williams,LB,N/A,9,29.6,101,182,272,402,,2
98,TEN,Alontae Taylor,DB,N/A,10,27.3,96,183,290,477,,2
99,LVR,Jeremy Chinn,DB,N/A,8,28.1,112,185,284,435,,2
100,DET,Terrion Arnold,DB,N/A,8,23.1,85,179,292,528,,2
101,DEN,Jonathon Cooper,DL,N/A,12,28.3,69,161,231,323,,2
102,RK,Mansoor Delane,DB,N/A,18,22.3,66,182,300,559,,2
103,SF,Nick Bosa,DL,N/A,14,28.5,74,148,222,358,,2
104,CIN,Demetrius Knight Jr.,LB,N/A,10,25.8,95,170,269,458,,2
105,PHI,Nolan Smith,DL,N/A,9,25.3,64,138,232,381,,2
106,DAL,Quinnen Williams,DL,N/A,10,28.3,69,149,228,330,,2
107,MIN,Jalen Redmond,DL,N/A,6,27.1,74,144,222,337,,1
108,CHI,Gervon Dexter,DL,N/A,5,24.5,57,138,228,404,,1
109,TEN,Cody Barton,LB,N/A,10,29.4,94,175,267,405,,1
110,CAR,Jaelan Phillips,DL,N/A,14,26.8,83,141,220,314,,1
111,NO,Carl Granderson,DL,N/A,11,29.3,73,154,207,289,,1
112,NO,Bryan Bresee,DL,N/A,11,24.5,49,134,223,394,,1
113,CIN,Jordan Battle,DB,N/A,10,25.3,95,173,278,480,,0
114,TB,Yaya Diaby,DL,N/A,9,26.8,74,138,215,307,,0
115,DAL,Rashan Gary,DL,N/A,10,28.3,66,151,217,304,,0
116,TB,Benjamin Morrison,DB,N/A,9,22.1,62,175,291,544,,0
117,HOU,Henry To'oto'o,LB,N/A,6,25.3,54,173,278,487,,0
118,NE,Christian Gonzalez,DB,N/A,14,23.8,78,176,285,507,,0
119,HOU,Calen Bullock,DB,N/A,6,22.9,60,177,293,547,,0
120,PHI,Jordan Davis,DL,N/A,9,26.3,55,141,222,355,,0
121,NYG,Tyler Nubin,DB,N/A,14,24.8,86,172,277,478,,0
122,BUF,Maxwell Hairston,DB,N/A,7,22.7,68,175,287,526,,0
123,WAS,Odafe Oweh,DL,N/A,12,27.3,59,142,220,315,,0
124,WAS,Mike Sainristil,DB,N/A,12,25.5,84,178,276,476,,0
125,NYJ,Joseph Ossai,DL,N/A,9,26,58,134,222,338,,0
126,DET,Kerby Joseph,DB,N/A,8,25.4,90,171,274,473,,0
127,ATL,Jalon Walker,LB,N/A,5,22.1,63,156,259,510,,0
128,CHI,Austin Booker,DL,N/A,5,23.3,45,127,217,414,,0
129,ATL,James Pearce,DL,N/A,5,22.5,61,120,204,408,,-0
130,ATL,Brandon Dorlus,DL,N/A,5,25.1,52,133,214,358,,-0
131,PHI,Andrew Mukuba,DB,N/A,9,23.3,68,170,281,525,,-0
132,KC,Drue Tranquill,LB,N/A,10,30.7,102,169,247,352,,-0
133,MIN,Eric Wilson,LB,N/A,6,31.5,118,165,235,328,,-0
134,WAS,Frankie Luvu,LB,N/A,12,29.6,92,169,252,374,,-0
135,ARI,Josh Sweat,DL,N/A,8,29,71,144,194,270,,-0
136,NYJ,Will McDonald,DL,N/A,9,26.8,54,139,217,310,,-0
137,LAR,Kamren Kinchens,DB,N/A,8,23.5,73,166,272,506,,-0
138,NYG,Andru Phillips,DB,N/A,14,24.3,71,174,277,489,,-1
139,CLE,Grant Delpit,DB,N/A,9,27.6,105,172,265,405,,-1
140,MIN,Andrew Van Ginkel,DL,N/A,6,30.8,101,131,170,243,,-1
141,PIT,Derrick Harmon,DL,N/A,5,22.7,46,121,204,378,,-1
142,DEN,Zach Allen,DL,N/A,12,28.7,53,142,210,292,,-1
143,SF,Malik Mustapha,DB,N/A,14,23.8,84,164,270,484,,-1
144,NO,Danny Stutsman,LB,N/A,11,23.1,54,157,260,486,,-1
145,RK,Jake Golday,LB,N/A,18,22.9,54,157,260,486,,-1
146,CAR,Derrick Brown,DL,N/A,14,28,66,129,197,285,,-1
147,HOU,Danielle Hunter,DL,N/A,6,31.4,80,125,175,287,,-1
148,DEN,Brandon Jones,DB,N/A,12,28,105,169,259,397,,-1
149,HOU,Reed Blankenship,DB,N/A,6,27.1,95,167,258,415,,-1
150,CHI,Montez Sweat,DL,N/A,5,29.6,78,136,176,255,,-1
151,NYG,Paulson Adebo,DB,N/A,14,26.8,103,162,252,416,,-1
152,NE,Harold Landry,DL,N/A,14,29.8,75,134,174,251,,-2
153,CLE,Mason Graham,DL,N/A,9,22.6,44,115,194,360,,-2
154,BUF,Ed Oliver,DL,N/A,7,28.3,69,121,185,268,,-2
155,GB,Lukas Van Ness,DL,N/A,5,24.8,59,113,190,311,,-2
156,HOU,Tommy Togiai,DL,N/A,6,26.6,55,123,190,289,,-2
157,BAL,Teddye Buchanan,LB,N/A,7,23.5,54,151,250,468,,-2
158,TEN,Jermaine Johnson,DL,N/A,10,27.3,72,117,182,261,,-2
159,CIN,Boye Mafe,DL,N/A,10,27.3,57,125,195,278,,-2
160,WAS,Jer'Zhan Newton,DL,N/A,12,23.6,44,115,190,337,,-2
161,GB,Xavier McKinney,DB,N/A,5,27.7,92,166,256,391,,-2
162,ARI,Will Johnson,DB,N/A,8,23,64,162,265,478,,-2
163,CIN,Dexter Lawrence,DL,N/A,10,28.4,51,124,190,275,,-2
164,DEN,Alex Singleton,LB,N/A,12,32.3,120,151,215,299,,-2
165,SF,Dre Greenlaw,LB,N/A,14,28.8,111,144,219,332,,-2
166,ATL,Billy Bowman,DB,N/A,5,23.2,63,162,265,479,,-2
167,NYG,Kayvon Thibodeaux,DL,N/A,14,25.3,50,114,192,314,,-2
168,LAR,Quentin Lake,DB,N/A,8,27.2,97,163,252,406,,-2
169,LVR,Kwity Paye,DL,N/A,8,27.4,55,120,187,267,,-2
170,ARI,Walter Nolen,DL,N/A,8,22.5,38,111,186,362,,-2
171,CLE,Tyson Campbell,DB,N/A,9,26.1,85,163,252,425,,-2
172,NE,Dre'mont Jones,DL,N/A,14,29.3,60,129,174,242,,-2
173,SF,Upton Stout,DB,N/A,14,24.3,72,160,254,449,,-3
174,MIA,Zach Sieler,DL,N/A,12,30.6,68,121,160,225,,-3
175,MIN,Josh Metellus,DB,N/A,6,28.3,99,159,245,374,,-3
176,BUF,Bradley Chubb,DL,N/A,7,29.8,80,114,148,214,,-3
177,CIN,Myles Murphy,DL,N/A,10,24.3,48,106,178,319,,-3
178,PIT,T.J. Watt,DL,N/A,5,31.5,79,117,152,218,,-3
179,LAR,Braden Fiske,DL,N/A,8,26.3,42,114,179,286,,-3
180,SEA,Julian Love,DB,N/A,8,28.1,96,149,235,406,,-4
181,LVR,Isaiah Pola-Mao,DB,N/A,8,26.8,86,159,246,396,,-4
182,BAL,Nnamdi Madubuike,DL,N/A,7,28.4,64,111,161,228,,-4
183,GB,Devonte Wyatt,DL,N/A,5,28,56,111,169,245,,-4
184,ARI,Budda Baker,DB,N/A,8,30.3,103,163,237,339,,-4
185,LAR,Trent McDuffie,DB,N/A,8,25.6,85,159,242,405,,-4
186,GB,Javon Bullard,DB,N/A,5,23.6,66,158,251,446,,-4
187,DAL,Donovan Ezeiruaku,LB,N/A,10,22.5,57,135,228,433,,-4
188,BUF,Geno Stone,DB,N/A,7,27,74,160,247,398,,-4
189,NYJ,Minkah Fitzpatrick,DB,N/A,9,29.4,108,152,232,343,,-4
190,GB,Keisean Nixon,DB,N/A,5,28.8,88,160,246,365,,-4
191,DET,Derrick Barnes,LB,N/A,8,26.8,70,142,223,367,,-4
192,LAR,Omar Speights,LB,N/A,8,25.1,58,137,221,408,,-4
193,CLE,Alex Wright,DL,N/A,9,25.6,51,103,169,258,,-4
194,TB,Calijah Kancey,DL,N/A,9,25.1,49,100,160,268,,-4
195,IND,DeForest Buckner,DL,N/A,11,32.1,74,106,138,204,,-4
196,ATL,Zach Harrison,DL,N/A,5,24.7,55,95,156,258,,-4
197,MIA,Chop Robinson,DL,N/A,12,23.3,39,97,163,309,,-4
198,ARI,Zaven Collins,DL,N/A,8,26.9,37,111,173,247,,-4
199,PHI,Moro Ojomo,DL,N/A,9,24.7,45,100,164,272,,-4
200,WAS,Dorance Armstrong,DL,N/A,12,28.8,61,109,147,205,,-4
201,LAC,Derwin James,DB,N/A,12,29.7,104,156,227,325,,-5
202,SF,Osa Odighizuwa,DL,N/A,14,27.7,40,108,165,239,,-5
203,PIT,DeShon Elliott,DB,N/A,5,29,112,145,220,327,,-5
204,WAS,Jartavius Martin,DB,N/A,12,26,67,155,243,404,,-5
205,DAL,Jalen Thompson,DB,N/A,10,27.8,89,150,231,353,,-5
206,NE,Milton Williams,DL,N/A,14,27,50,101,159,228,,-5
207,HOU,Jalen Pitre,DB,N/A,6,26.8,86,146,227,364,,-5
208,HOU,Derek Stingley,DB,N/A,6,24.8,68,151,235,400,,-5
209,LAC,Tarheeb Still,DB,N/A,12,23.8,67,146,233,411,,-5
210,BAL,Trey Hendrickson,DL,N/A,7,31.3,78,94,122,176,,-5
211,CAR,Michael Jackson,DB,N/A,14,29.3,82,150,231,343,,-5
212,NE,Marcus Jones,DB,N/A,14,27.5,73,148,234,385,,-5
213,BUF,Christian Benford,DB,N/A,7,25.6,73,149,234,393,,-5
214,DET,Alim McNeill,DL,N/A,8,25.9,46,94,148,236,,-6
215,DAL,DaRon Bland,DB,N/A,10,26.8,88,142,226,371,,-6
216,BAL,Marlon Humphrey,DB,N/A,7,29.8,88,154,230,326,,-6
217,TEN,Amani Hooker,DB,N/A,10,27.8,88,146,225,344,,-6
218,LAR,Josaiah Stewart,DL,N/A,8,22.9,36,88,150,286,,-6
219,NO,Pete Werner,LB,N/A,11,27.8,56,137,212,338,,-6
220,NE,Christian Barmore,DL,N/A,14,26.7,49,92,142,215,,-6
221,SEA,Derick Hall,DL,N/A,8,25.1,39,90,151,248,,-6
222,SF,Dee Winters,LB,N/A,14,25.5,34,136,219,384,,-6
223,IND,Camryn Bynum,DB,N/A,11,27.8,81,147,226,345,,-6
224,JAC,Antonio Johnson,DB,N/A,8,24.4,54,144,238,425,,-6
225,MIN,Byron Murphy,DB,N/A,6,28.3,79,146,230,358,,-6
226,CHI,Coby Bryant,DB,N/A,5,27,79,145,224,360,,-6
227,GB,Karl Brooks,DL,N/A,5,25.9,42,91,143,228,,-6
228,RK,Josiah Trotter,LB,N/A,18,21,39,122,211,424,,-6
229,HOU,Logan Hall,DL,N/A,6,26,33,93,147,235,,-6
230,CIN,Bryan Cook,DB,N/A,10,26.6,82,144,223,358,,-6
231,SF,Ji'ayir Brown,DB,N/A,14,26.2,78,142,222,369,,-6
232,CIN,Jonathan Allen,DL,N/A,10,31.3,63,95,125,176,,-6
233,BUF,Chauncey Gardner-Johnson,DB,N/A,7,28.3,85,143,221,337,,-6
234,SEA,Uchenna Nwosu,DL,N/A,8,29.3,48,97,131,182,,-6
235,DEN,Justin Strnad,LB,N/A,12,29.7,77,129,193,287,,-6
236,SF,Sam Okuayinonu,DL,N/A,14,27.9,42,96,138,193,,-6
237,DEN,Ja'Quan McMillian,DB,N/A,12,25.8,62,146,224,379,,-7
238,WAS,Daron Payne,DL,N/A,12,28.8,50,89,132,183,,-7
239,DEN,Jonah Elliss,DL,N/A,12,23,32,82,139,266,,-7
240,SF,Mykel Williams,DL,N/A,14,21.8,30,80,136,272,,-7
241,CIN,Daxton Hill,DB,N/A,10,25.5,89,135,214,360,,-7
242,TB,Zyon McCollum,DB,N/A,9,26.9,85,138,214,354,,-7
243,CHI,Dayo Odeyingbo,DL,N/A,5,26.5,44,87,135,193,,-7
244,PIT,Joey Porter Jr.,DB,N/A,5,25.7,72,137,215,362,,-7
245,NYJ,Brandon Stephens,DB,N/A,9,28.3,79,137,216,337,,-7
246,SF,Deommodore Lenoir,DB,N/A,14,26.5,69,139,215,363,,-7
247,TB,Vita Vea,DL,N/A,9,31.2,52,89,118,166,,-7
248,KC,Chris Jones,DL,N/A,10,31.8,52,86,112,166,,-7
249,TEN,John Franklin-Myers,DL,N/A,10,29.5,52,89,116,167,,-7
250,WAS,Javon Kinlaw,DL,N/A,12,28.5,33,87,133,192,,-7
251,NYJ,Harrison Phillips,DL,N/A,9,30.2,49,87,121,170,,-7
252,TB,Anthony Nelson,DL,N/A,9,29.1,37,90,121,169,,-8
253,ARI,Jordan Burch,DL,N/A,8,24.5,28,79,131,232,,-8
254,NE,Craig Woodson,DB,N/A,14,25.2,63,134,215,371,,-8
255,DEN,Patrick Surtain II,DB,N/A,12,26,71,134,210,353,,-8
256,IND,Grover Stewart,DL,N/A,11,32.5,52,82,107,159,,-8
257,DET,D.J. Reed,DB,N/A,8,29.4,88,133,206,306,,-8
258,CLE,Maliek Collins,DL,N/A,9,31,47,83,110,155,,-8
259,NO,Justin Reid,DB,N/A,11,29.2,93,133,202,300,,-8
260,SF,Renardo Green,DB,N/A,14,25.4,81,128,200,342,,-8
261,SEA,Leonard Williams,DL,N/A,8,31.8,74,68,89,132,,-8
262,NYJ,Jarvis Brownlee Jr.,DB,N/A,9,24.8,63,134,209,360,,-8
263,ARI,Baron Browning,DL,N/A,8,27.2,31,80,125,179,,-8
264,PIT,Jack Sawyer,DL,N/A,5,23.9,30,70,117,210,,-8
265,CIN,B.J. Hill,DL,N/A,10,31,50,81,107,151,,-8
266,IND,Ahmad Gardner,DB,N/A,11,24.6,69,129,203,351,,-8
267,PHI,Quinyon Mitchell,DB,N/A,9,24.8,69,131,204,348,,-8
268,CAR,Jaycee Horn,DB,N/A,14,26.3,68,133,208,351,,-8
269,BUF,T.J. Sanders,DL,N/A,7,22.7,27,71,121,224,,-8
270,LVR,Adam Butler,DL,N/A,8,32,51,78,101,150,,-8
271,RK,Keyshaun Elliott,LB,N/A,18,22.3,37,112,190,367,,-9
272,DET,D.J. Wonnum,DL,N/A,8,28.4,30,80,115,161,,-9
273,IND,Akeem Davis-Gaither,LB,N/A,11,28.6,75,109,166,251,,-9
274,PIT,Jamel Dean,DB,N/A,5,29.5,78,127,196,290,,-10
275,LAR,Emmanuel Forbes,DB,N/A,8,25.3,68,127,197,339,,-10
276,NYG,Jevon Holland,DB,N/A,14,26.1,68,127,200,331,,-10
277,DAL,Kenny Clark,DL,N/A,10,30.5,36,70,98,137,,-10
278,JAC,Ruke Orhorhoro,DL,N/A,8,24.5,18,67,111,196,,-10
279,MIN,Isaiah Rodgers,DB,N/A,6,28.3,83,121,189,296,,-10
280,LAC,Teair Tart,DL,N/A,12,29.1,32,68,100,140,,-10
281,TEN,Cor'Dale Flott,DB,N/A,10,24.6,61,123,194,340,,-10
282,ARI,Max Melton,DB,N/A,8,24,77,114,185,324,,-10
283,IND,JT Tuimoloau,DL,N/A,11,22.9,24,58,99,189,,-10
284,CHI,Kyler Gordon,DB,N/A,5,26.3,75,116,184,313,,-10
285,WAS,K'Lavon Chaisson,LB,N/A,12,26.7,41,115,179,256,,-10
286,PIT,Jaquan Brisker,DB,N/A,5,27,60,120,186,299,,-11
287,NO,Davon Godchaux,DL,N/A,11,31.4,35,59,78,109,,-11
288,JAC,Davon Hamilton,DL,N/A,8,29.2,0,70,104,144,,-11
289,LAR,Poona Ford,DL,N/A,8,30.4,0,71,99,139,,-11
290,JAC,Arik Armstead,DL,N/A,8,32.4,34,57,73,109,,-11
291,SF,Alfred Collins,DL,N/A,14,24.5,21,52,85,151,,-11
292,CHI,Tyrique Stevenson,DB,N/A,5,25.8,53,118,182,308,,-12
293,LVR,Taron Johnson,DB,N/A,8,29.7,76,117,174,247,,-12
294,IND,Kenny Moore,DB,N/A,11,30.7,76,122,174,239,,-12
295,SEA,DeMarcus Lawrence,DL,N/A,8,33.9,57,38,51,89,,-12
296,CHI,Grady Jarrett,DL,N/A,5,32.9,39,50,62,93,,-12
297,LAC,Elijah Molden,DB,N/A,12,27.2,65,115,177,285,,-12
298,PHI,Tariq Woolen,DB,N/A,9,26.9,72,110,170,281,,-12
299,CIN,DJ Turner II,DB,N/A,10,25.4,65,112,174,300,,-12
300,WAS,Trey Amos,DB,N/A,12,24.1,50,112,178,314,,-12
301,GB,Javon Hargrave,DL,N/A,5,33.2,39,46,58,87,,-12
302,IND,Charvarius Ward,DB,N/A,11,29.9,85,110,164,232,,-12
303,SEA,Jarran Reed,DL,N/A,8,33.3,37,47,59,89,,-12
304,NE,Kevin Byard,DB,N/A,14,32.7,101,111,149,204,,-12
305,PIT,Malik Harrison,LB,N/A,5,28.1,52,92,142,226,,-13
306,LAC,Cam Hart,DB,N/A,12,25.3,51,111,175,302,,-13
307,ARI,Garrett Williams,DB,N/A,8,24.8,76,103,160,277,,-13
308,RK,Taurean York,LB,N/A,18,20.8,28,85,147,296,,-13
309,BUF,DeWayne Carter,DL,N/A,7,25.3,24,39,62,104,,-13
310,PIT,Jalen Ramsey,DB,N/A,5,31.4,81,112,158,220,,-13
311,BAL,Jaylinn Hawkins,DB,N/A,7,28.6,72,109,166,246,,-13
312,RK,Bryce Boettcher,LB,N/A,18,23.8,33,90,145,263,,-13
313,TB,Alex Anzalone,LB,N/A,9,31.6,92,78,112,156,,-13
314,ATL,A.J. Terrell,DB,N/A,5,27.6,70,100,155,243,,-14
315,RK,Deontae Lawson,LB,N/A,18,23.2,29,83,138,258,,-14
316,RK,Harold Perkins Jr.,LB,N/A,18,21.6,27,83,140,270,,-14
317,NE,Carlton Davis,DB,N/A,14,29.3,72,101,157,234,,-14
318,NYG,Greg Newsome,DB,N/A,14,25.9,54,100,158,269,,-14
319,LAC,Khalil Mack,DL,N/A,12,35.2,60,15,20,28,,-14
320,CLE,Denzel Ward,DB,N/A,9,28.9,63,101,155,231,,-15
321,RK,Jaishawn Barham,LB,N/A,18,22.2,24,74,125,241,,-15
322,WAS,Bobby Wagner,LB,N/A,12,35.8,120,53,68,95,,-15
323,CHI,Jaylon Johnson,DB,N/A,5,27,59,92,144,235,,-16
324,RK,Rueben Bain Jr.,DL,N/A,18,21.6,69,0,0,0,,-16
325,RK,T.J. Parker,DL,N/A,18,21.6,68,0,0,0,,-16
326,NO,Quincy Riley,DB,N/A,11,24.8,45,95,150,262,,-16
327,RK,Akheem Mesidor,DL,N/A,18,25,64,0,0,0,,-16
328,PIT,Cameron Heyward,DL,N/A,5,36.9,57,0,0,0,,-16
329,RK,Cashius Howell,DL,N/A,18,23,54,0,0,0,,-16
330,RK,Dani Dennis-Sutton,DL,N/A,18,22.3,50,0,0,0,,-16
331,MIN,Theo Jackson,DB,N/A,6,27.5,48,91,140,226,,-17
332,RK,Peter Woods,DL,N/A,18,21.1,47,0,0,0,,-17
333,RK,R Mason Thomas,DL,N/A,18,21.6,44,0,0,0,,-17
334,TEN,Oluwafemi Oladejo,LB,N/A,10,22.6,35,60,102,194,,-17
335,TB,David Walker,LB,N/A,9,25.8,32,65,108,165,,-17
336,RK,Keldric Faulk,DL,N/A,18,20.6,38,0,0,0,,-17
337,RK,Zion Young,DL,N/A,18,22.1,35,0,0,0,,-17
338,RK,Malachi Lawrence,DL,N/A,18,22.8,28,0,0,0,,-18
339,RK,Jacob Rodriguez,LB,N/A,18,23.6,99,43,55,76,,-18
340,RK,Joshua Josephs,DL,N/A,18,22.3,23,0,0,0,,-18
341,DEN,Jahdae Barron,DB,N/A,12,24.3,37,82,130,235,,-18
342,JAC,Jourdan Lewis,DB,N/A,8,30.6,52,88,126,173,,-18
343,ARI,BJ Ojulari,LB,N/A,8,24,21,55,93,166,,-19
344,HOU,Sheldon Rankins,DL,N/A,6,32,0,0,0,0,,-19
345,LAC,Dalvin Tomlinson,DL,N/A,12,32.1,0,0,0,0,,-19
346,WAS,Charles Omenihu,DL,N/A,12,28.7,0,0,0,0,,-19
347,UNS,D.J. Jones,DL,N/A,18,31.3,0,0,0,0,,-19
348,UNS,Levi Onwuzurike,DL,N/A,18,28.1,0,0,0,0,,-19
349,KC,Felix Anudike-Uzomah,DL,N/A,10,24.2,0,0,0,0,,-19
350,ARI,Darius Robinson,DL,N/A,8,24.6,0,0,0,0,,-19
351,LAC,Justin Eboigbe,DL,N/A,12,25,0,0,0,0,,-19
352,ATL,Da'Shawn Hand,DL,N/A,5,30.4,0,0,0,0,,-19
353,CHI,Shemar Turner,DL,N/A,5,23.3,0,0,0,0,,-19
354,LVR,Jonah Laulu,DL,N/A,8,25.8,0,0,0,0,,-19
355,JAC,Eric Murray,DB,N/A,8,32.3,67,80,112,153,,-19
356,DAL,Malik Hooker,DB,N/A,10,30,54,80,116,166,,-19
357,NYJ,Demario Davis,LB,N/A,9,37.3,107,18,23,31,,-20
358,RK,Kyle Louis,LB,N/A,18,22.1,70,30,38,54,,-21
359,KC,Alohi Gilman,DB,N/A,10,28.6,86,51,77,114,,-21
360,BAL,Chidobe Awuzie,DB,N/A,7,30.8,48,69,99,136,,-21
361,LAC,Donte Jackson,DB,N/A,12,30.4,30,63,93,132,,-23
362,RK,Emmanuel McNeil-Warren,DB,N/A,18,22.3,70,36,43,57,,-25
363,RK,Genesis Smith,DB,N/A,18,21.4,56,29,34,46,,-27
364,LAC,Denzel Perryman,LB,N/A,12,33.3,0,0,0,0,,-28
365,CLE,Jeremiah Owusu-Koramoah,LB,N/A,9,26.4,0,0,0,0,,-28
366,TB,Christian Rozeboom,LB,N/A,9,29.2,0,0,0,0,,-28
367,NYG,Micah McFadden,LB,N/A,14,26.3,0,0,0,0,,-28
368,ARI,Mack Wilson,LB,N/A,8,28.2,0,0,0,0,,-28
369,LAC,Junior Colson,LB,N/A,12,23.3,0,0,0,0,,-28
370,ATL,JD Bertrand,LB,N/A,5,25.9,0,0,0,0,,-28
371,DAL,Shemar James,LB,N/A,10,21.8,0,0,0,0,,-28
372,RK,Jermod McCoy,DB,N/A,18,20.7,41,12,15,21,,-30
373,ATL,Mike Hughes,DB,N/A,5,29.2,0,0,0,0,,-34
374,KC,Kristian Fulton,DB,N/A,10,27.6,0,0,0,0,,-34
375,UNS,Julian Blackmon,DB,N/A,18,27.6,0,0,0,0,,-34
376,PHI,Marcus Epps,DB,N/A,9,30.2,0,0,0,0,,-34
377,LVR,Eric Stokes,DB,N/A,8,27.1,0,0,0,0,,-34
378,CAR,Nick Scott,DB,N/A,14,30.9,0,0,0,0,,-34
379,UNS,Martin Emerson,DB,N/A,18,25.5,0,0,0,0,,-34
380,JAC,Montaric Brown,DB,N/A,8,26.6,0,0,0,0,,-34
381,MIA,Darrell Baker Jr.,DB,N/A,12,28,0,0,0,0,,-34
382,TEN,Tony Adams,DB,N/A,10,27.2,0,0,0,0,,-34
383,GB,Carrington Valentine,DB,N/A,5,24.6,0,0,0,0,,-34
384,DET,Ennis Rakestraw Jr.,DB,N/A,8,23.8,0,0,0,0,,-34
385,TEN,Joshua Williams,DB,N/A,10,26.5,0,0,0,0,,-34
386,KC,Nohl Williams,DB,N/A,10,23.6,0,0,0,0,,-34
387,LVR,Darien Porter,DB,N/A,8,25.3,0,0,0,0,,-34
388,DAL,Reddy Steward,DB,N/A,10,24.9,0,0,0,0,,-34
389,RK,Colton Hood,DB,N/A,18,21.2,0,0,0,0,,-34
