name,Rank,position,team
Josh Allen,1,QB,BUF
Drake Maye,2,QB,NE
Jayden Daniels,3,QB,WAS
Ja'Marr Chase,4,WR,CIN
Lamar Jackson,5,QB,BAL
Jaxon Smith-Njigba,6,WR,SEA
Joe Burrow,7,QB,CIN
Caleb Williams,8,QB,CHI
Puka Nacua,9,WR,LAR
Patrick Mahomes II,10,QB,KC
Bijan Robinson,11,RB,ATL
Jahmyr Gibbs,12,RB,DET
Jalen Hurts,13,QB,PHI
Justin Jefferson,14,WR,MIN
Justin Herbert,15,QB,LAC
Amon-Ra St. Brown,16,WR,DET
Bo Nix,17,QB,DEN
Jaxson Dart,18,QB,NYG
Trevor Lawrence,19,QB,JAC
CeeDee Lamb,20,WR,DAL
Ashton Jeanty,21,RB,LV
Malik Nabers,22,WR,NYG
Brock Purdy,23,QB,SF
Jeremiyah Love,24,RB,ARI
De'Von Achane,25,RB,MIA
Drake London,26,WR,ATL
Brock Bowers,27,TE,LV
Jordan Love,28,QB,GB
Trey McBride,29,TE,ARI
James Cook III,30,RB,BUF
Tetairoa McMillan,31,WR,CAR
Nico Collins,32,WR,HOU
Omarion Hampton,33,RB,LAC
Rashee Rice,34,WR,KC
Emeka Egbuka,35,WR,TB
Jonathan Taylor,36,RB,IND
Chris Olave,37,WR,NO
George Pickens,38,WR,DAL
Dak Prescott,39,QB,DAL
Baker Mayfield,40,QB,TB
Garrett Wilson,41,WR,NYJ
C.J. Stroud,42,QB,HOU
Ladd McConkey,43,WR,LAC
Colston Loveland,44,TE,CHI
Luther Burden III,45,WR,CHI
Breece Hall,46,RB,NYJ
Zay Flowers,47,WR,BAL
Tee Higgins,48,WR,CIN
Carnell Tate,49,WR,TEN
Chase Brown,50,RB,CIN
A.J. Brown,51,WR,PHI
Tyler Warren,52,TE,IND
Makai Lemon,53,WR,PHI
Brian Thomas Jr.,54,WR,JAC
Kenneth Walker III,55,RB,KC
DeVonta Smith,56,WR,PHI
Rome Odunze,57,WR,CHI
Cam Ward,58,QB,TEN
Harold Fannin Jr.,59,TE,CLE
Christian McCaffrey,60,RB,SF
Kyler Murray,61,QB,MIN
Saquon Barkley,62,RB,PHI
Jared Goff,63,QB,DET
Jordyn Tyson,64,WR,NO
Marvin Harrison Jr.,65,WR,ARI
TreVeyon Henderson,66,RB,NE
Jaylen Waddle,67,WR,DEN
Bucky Irving,68,RB,TB
Tucker Kraft,69,TE,GB
Quinshon Judkins,70,RB,CLE
Jameson Williams,71,WR,DET
Sam LaPorta,72,TE,DET
Sam Darnold,73,QB,SEA
Kyren Williams,74,RB,LAR
Malik Willis,75,QB,MIA
Travis Etienne Jr.,76,RB,NO
Josh Jacobs,77,RB,GB
DJ Moore,78,WR,BUF
Javonte Williams,79,RB,DAL
Kyle Pitts Sr.,80,TE,ATL
Tyler Shough,81,QB,NO
Oronde Gadsden II,82,TE,LAC
Jordan Addison,83,WR,MIN
Bryce Young,84,QB,CAR
Terry McLaurin,85,WR,WAS
Daniel Jones,86,QB,IND
Xavier Worthy,87,WR,KC
KC Concepcion,88,WR,CLE
DK Metcalf,89,WR,PIT
Dalton Kincaid,90,TE,BUF
Cam Skattebo,91,RB,NYG
RJ Harvey,92,RB,DEN
Matthew Stafford,93,QB,LAR
Bhayshul Tuten,94,RB,JAC
Jake Ferguson,95,TE,DAL
Michael Wilson,96,WR,ARI
Kenyon Sadiq,97,TE,NYJ
Christian Watson,98,WR,GB
D'Andre Swift,99,RB,CHI
Jadarian Price,100,RB,SEA
Ricky Pearsall,101,WR,SF
Denzel Boston,102,WR,CLE
Derrick Henry,103,RB,BAL
Courtland Sutton,104,WR,DEN
Jayden Higgins,105,WR,HOU
Wan'Dale Robinson,106,WR,TEN
Josh Downs,107,WR,IND
Davante Adams,108,WR,LAR
Mike Evans,109,WR,SF
Jakobi Meyers,110,WR,JAC
Isaiah Likely,111,TE,NYG
Alec Pierce,112,WR,IND
Eli Stowers,113,TE,PHI
Jaylen Warren,114,RB,PIT
Michael Pittman Jr.,115,WR,PIT
Parker Washington,116,WR,JAC
George Kittle,117,TE,SF
Travis Hunter,118,WR,JAC
Kyle Monangai,119,RB,CHI
Matthew Golden,120,WR,GB
David Montgomery,121,RB,HOU
J.J. McCarthy,122,QB,MIN
Brandon Aiyuk,123,WR,SF
Michael Penix Jr.,124,QB,ATL
Khalil Shakir,125,WR,BUF
Chris Godwin Jr.,126,WR,TB
Brenton Strange,127,TE,JAC
Omar Cooper Jr.,128,WR,NYJ
Quentin Johnston,129,WR,LAC
Fernando Mendoza,130,QB,LV
Jayden Reed,131,WR,GB
Shedeur Sanders,132,QB,CLE
Zach Charbonnet,133,RB,SEA
Romeo Doubs,134,WR,NE
Chuba Hubbard,135,RB,CAR
Mark Andrews,136,TE,BAL
Dallas Goedert,137,TE,PHI
Rhamondre Stevenson,138,RB,NE
Tua Tagovailoa,139,QB,ATL
Troy Franklin,140,WR,DEN
AJ Barner,141,TE,SEA
Rashid Shaheed,142,WR,SEA
Rico Dowdle,143,RB,PIT
Jalen McMillan,144,WR,TB
Jalen Coker,145,WR,CAR
Chris Bell,146,WR,MIA
Jauan Jennings,147,WR,FA
Blake Corum,148,RB,LAR
Geno Smith,149,QB,NYJ
Terrance Ferguson,150,TE,LAR
Jonah Coleman,151,RB,DEN
Antonio Williams,152,WR,WAS
T.J. Hockenson,153,TE,MIN
Pat Bryant,154,WR,DEN
Germie Bernard,155,WR,PIT
Stefon Diggs,156,WR,FA
Tre Harris,157,WR,LAC
Jacory Croskey-Merritt,158,RB,WAS
Ty Simpson,159,QB,LAR
Tyler Allgeier,160,RB,ARI
Chig Okonkwo,161,TE,WAS
Woody Marks,162,RB,HOU
Dalton Schultz,163,TE,HOU
Elijah Sarratt,164,WR,BAL
Juwan Johnson,165,TE,NO
Tony Pollard,166,RB,TEN
Jonathon Brooks,167,RB,CAR
Elic Ayomanor,168,WR,TEN
Emmett Johnson,169,RB,KC
Tyrone Tracy Jr.,170,RB,NYG
Jordan Mason,171,RB,MIN
Kenneth Gainwell,172,RB,TB
Mason Taylor,173,TE,NYJ
Anthony Richardson Sr.,174,QB,IND
Jaylin Noel,175,WR,HOU
Trey Benson,176,RB,ARI
Deebo Samuel Sr.,177,WR,FA
Tyreek Hill,178,WR,FA
Cade Otton,179,TE,TB
Mac Jones,180,QB,SF
Chimere Dike,181,WR,TEN
Zachariah Branch,182,WR,ATL
Jerry Jeudy,183,WR,CLE
Kaytron Allen,184,RB,WAS
Travis Kelce,185,TE,KC
Nicholas Singleton,186,RB,TEN
Adonai Mitchell,187,WR,NYJ
Kayshon Boutte,188,WR,NE
J.K. Dobbins,189,RB,DEN
Kyle Williams,190,WR,NE
Tank Dell,191,WR,HOU
Tyjae Spears,192,RB,TEN
Aaron Rodgers,193,QB,FA
Mike Washington Jr.,194,RB,LV
Malachi Fields,195,WR,NYG
Isiah Pacheco,196,RB,DET
Gunnar Helm,197,TE,TEN
Chris Brazzell II,198,WR,CAR
Kaleb Johnson,199,RB,PIT
Braelon Allen,200,RB,NYJ
Elijah Arroyo,201,TE,SEA
Hunter Henry,202,TE,NE
Rachaad White,203,RB,WAS
Tory Horton,204,WR,SEA
Max Klare,205,TE,LAR
Ted Hurst,206,WR,TB
Keon Coleman,207,WR,BUF
Isaac TeSlaa,208,WR,DET
Skyler Bell,209,WR,BUF
Justin Fields,210,QB,KC
Alvin Kamara,211,RB,NO
Darnell Mooney,212,WR,NYG
Dylan Sampson,213,RB,CLE
David Njoku,214,TE,FA
Chris Rodriguez Jr.,215,RB,JAC
De'Zhaun Stribling,216,WR,SF
Brian Robinson Jr.,217,RB,ATL
Aaron Jones Sr.,218,RB,MIN
Pat Freiermuth,219,TE,PIT
Theo Johnson,220,TE,NYG
Ja'Kobi Lane,221,WR,BAL
Kimani Vidal,222,RB,LAC
Marvin Mims Jr.,223,WR,DEN
Malik Washington,224,WR,MIA
Calvin Ridley,225,WR,TEN
Oscar Delp,226,TE,NO
Dontayvion Wicks,227,WR,PHI
Jack Bech,228,WR,LV
Devin Neal,229,RB,NO
Rashod Bateman,230,WR,BAL
Demond Claiborne,231,RB,MIN
James Conner,232,RB,ARI
Tank Bigsby,233,RB,PHI
Ollie Gordon II,234,RB,MIA
Evan Engram,235,TE,DEN
Cedric Tillman,236,WR,CLE
Ray Davis,237,RB,BUF
Tez Johnson,238,WR,TB
Xavier Legette,239,WR,CAR
Keaton Mitchell,240,RB,LAC
Carson Beck,241,QB,ARI
Tre Tucker,242,WR,LV
Drew Allar,243,QB,PIT
Michael Trigg,244,TE,DAL
Darius Slayton,245,WR,NYG
Hollywood Brown,246,WR,PHI
Justin Joly,247,TE,DEN
Christian Kirk,248,WR,SF
DeMario Douglas,249,WR,NE
Michael Mayer,250,TE,LV
Jaylen Wright,251,RB,MIA
Bryce Lance,252,WR,NO
Seth McGowan,253,RB,IND
Cooper Kupp,254,WR,SEA
Keenan Allen,255,WR,LAC
Adam Randall,256,RB,BAL
Jacoby Brissett,257,QB,ARI
Ben Sinnott,258,TE,WAS
Emanuel Wilson,259,RB,SEA
Jaydon Blue,260,RB,DAL
Isaiah Bond,261,WR,CLE
Sean Tucker,262,RB,TB
DJ Giddens,263,RB,IND
Devaughn Vele,264,WR,NO
Andrei Iosivas,265,WR,CIN
Jalen Royals,266,WR,KC
Brashard Smith,267,RB,KC
Kendre Miller,268,RB,NO
Deion Burks,269,WR,IND
Eli Raridon,270,TE,NE
Najee Harris,271,RB,LAC
Deshaun Watson,272,QB,CLE
Isaiah Davis,273,RB,NYJ
Kaelon Black,274,RB,SF
Kevin Coleman Jr.,275,WR,MIA
Brenen Thompson,276,WR,LAC
Garrett Nussmeier,277,QB,KC
Jarquez Hunter,278,RB,LAR
Eli Heidenreich,279,RB,PIT
Tanner Koziol,280,TE,JAC
Ja'Tavion Sanders,281,TE,CAR
Trevor Etienne,282,RB,CAR
Taylen Green,283,QB,CLE
Cole Payton,284,QB,PHI
Joshua Palmer,285,WR,BUF
Cole Kmet,286,TE,CHI
Will Howard,287,QB,PIT
Cade Klubnik,288,QB,NYJ
KeAndre Lambert-Smith,289,WR,LAC
MarShawn Lloyd,290,RB,GB
Jonnu Smith,291,TE,FA
Jack Endries,292,TE,CIN
Sam Roush,293,TE,CHI
Savion Williams,294,WR,GB
Barion Brown,295,WR,NO
Roman Wilson,296,WR,PIT
Isaac Guerendo,297,RB,SF
Devin Singletary,298,RB,NYG
Jalen Tolbert,299,WR,MIA
Jerome Ford,300,RB,WAS
Will Shipley,301,RB,PHI
Kirk Cousins,302,QB,LV
Dont'e Thornton Jr.,303,WR,LV
Calvin Austin III,304,WR,NYG
Roman Hemby,305,RB,FA
Robert Henry Jr.,306,RB,FA
Terion Stewart,307,RB,FA
Joe Mixon,308,RB,FA
Luke McCaffrey,309,WR,WAS
Jordan Whittington,310,WR,LAR
Kareem Hunt,311,RB,FA
Jaylin Lane,312,WR,WAS
J'Mari Taylor,313,RB,JAC
Tahj Brooks,314,RB,CIN
Quinn Ewers,315,QB,MIA
Spencer Rattler,316,QB,NO
Jalen Nailor,317,WR,LV
DeAndre Hopkins,318,WR,BAL
Audric Estime,319,RB,NO
LeQuint Allen Jr.,320,RB,JAC
Ryan Flournoy,321,WR,DAL
Jaleel McLaughlin,322,RB,DEN
Jordan James,323,RB,SF
John Metchie III,324,WR,CAR
Elijah Moore,325,WR,PHI
Tyler Lockett,326,WR,LV
Chris Brooks,327,RB,GB
Eric McAlister,328,WR,FA
Miles Sanders,329,RB,FA
Nick Chubb,330,RB,FA
Bam Knight,331,RB,ARI
RJ Maryland,332,TE,FA
Jalen Milroe,333,QB,SEA
Roschon Johnson,334,RB,CHI
Raheim Sanders,335,RB,CLE
Mike Gesicki,336,TE,CIN
Aaron Anderson,337,WR,FA
Eric Rivers,338,WR,FA
Zach Ertz,339,TE,FA
Darnell Washington,340,TE,PIT
Dillon Gabriel,341,QB,CLE
Efton Chism III,342,WR,NE
Jalin Hyatt,343,WR,NYG
Tai Felton,344,WR,MIN
Xavier Restrepo,345,WR,TEN
